{"Train Loss": 0.3550178652097072, "Train Accuracy": 86.44859813084112, "Val Loss": 1.2069194465875626, "Val Accuracy": 43.925233644859816, "_timestamp": 1708352765.117004, "_runtime": 54.65972900390625, "_step": 0}