{"val_loss": 0.08367543295025826, "_timestamp": 1708433851.952697, "_runtime": 72.63890409469604, "_step": 8, "test_loss": 0.47558045718404984, "test_accuracy": 88.78504672897196, "_wandb": {"runtime": 72}}