{"val_loss": 0.18744297698140144, "_timestamp": 1708433536.499896, "_runtime": 68.71256494522095, "_step": 8, "test_loss": 0.5062094264560275, "test_accuracy": 90.28037383177569, "_wandb": {"runtime": 68}}