{"val_loss": 0.3531140610575676, "_timestamp": 1708433457.122061, "_runtime": 71.80018711090088, "_step": 8, "test_loss": 0.38939526238862204, "test_accuracy": 86.72897196261682, "_wandb": {"runtime": 71}}