{"val_loss": 0.07136865705251694, "val_precision": 1.0, "val_recall": 0.9629629629629629, "val_f1": 0.9811320754716981, "val_balanced_acc": 0.9814814814814814, "_timestamp": 1709213019.9798841, "_runtime": 79.3351411819458, "_step": 13, "test_loss": 1.6558075249195099, "test_accuracy": 56.086956521739125, "test_precision": 0.0375, "test_recall": 0.1111111111111111, "test_f1": 0.056074766355140186, "test_balanced_acc": 0.36590038314176243, "confusion_matrix_table": {"_type": "table-file", "sha256": "7590bba636c057b9bf798cebbad2112f8e7c500f51e433697afe573ce21be66a", "size": 134, "artifact_path": "wandb-client-artifact://iqx4vsaq1my96cwdumx1fd6zwq591dv9zo0wtqpdeeizqj4nkde5jyw4yvvx7zmhvxoa2i00oo50t1zmyj0p0s6ynou1ap32d5t4a8kjkj542usc3yebnytl4pxysf47:latest/confusion_matrix_table.table.json", "_latest_artifact_path": "wandb-client-artifact://iqx4vsaq1my96cwdumx1fd6zwq591dv9zo0wtqpdeeizqj4nkde5jyw4yvvx7zmhvxoa2i00oo50t1zmyj0p0s6ynou1ap32d5t4a8kjkj542usc3yebnytl4pxysf47:latest/confusion_matrix_table.table.json", "path": "media/table/confusion_matrix_table_13_7590bba636c057b9bf79.table.json", "ncols": 3, "nrows": 4}, "_wandb": {"runtime": 78}}