{"val_loss": 0.3504132553935051, "_timestamp": 1708433290.262632, "_runtime": 68.24543190002441, "_step": 8, "test_loss": 0.48885175841518075, "test_accuracy": 90.28037383177569, "_wandb": {"runtime": 67}}