{"val_loss": 0.8825271725654602, "val_precision": 1.0, "val_recall": 0.25925925925925924, "val_f1": 0.4117647058823529, "val_balanced_acc": 0.6296296296296297, "train_loss": 0.09401489049196243, "train_precision": 1.0, "train_recall": 0.954954954954955, "train_f1": 0.9769585253456221, "train_balanced_acc": 0.9774774774774775, "_timestamp": 1710515388.8132422, "_runtime": 267.86419010162354, "_step": 2}