{"precision_val": 0.9047619047619048, "_timestamp": 1708606785.102627, "_runtime": 183.64832592010498, "_step": 52, "recall_val": 0.76, "f1_score_val": 0.8260869565217391, "val_loss": 0.25320834666490555, "precision_test": 0.6428571428571429, "recall_test": 0.1267605633802817, "f1_score_test": 0.21176470588235297, "test_loss": 0.8499750859207578, "test_accuracy": 87.4766355140187, "confusion_matrix_table": {"_type": "table-file", "sha256": "aedfe1de0978bb093ea9ea94dc4b5aa30ad6a6c58f4b72fd9d441d1c1c7c5012", "size": 133, "artifact_path": "wandb-client-artifact://uxhsbis3e6ieny6o72x1ocxloregk9u0d2kvca9kkt6zwzsw6lvf82vj9x10uzb8vt6v50hkq2win9wwnxg9sxoleu7axpkuptkucjnnn0hg1t4au09v3600gki8gxmo:latest/confusion_matrix_table.table.json", "_latest_artifact_path": "wandb-client-artifact://uxhsbis3e6ieny6o72x1ocxloregk9u0d2kvca9kkt6zwzsw6lvf82vj9x10uzb8vt6v50hkq2win9wwnxg9sxoleu7axpkuptkucjnnn0hg1t4au09v3600gki8gxmo:latest/confusion_matrix_table.table.json", "path": "media/table/confusion_matrix_table_52_aedfe1de0978bb093ea9.table.json", "ncols": 3, "nrows": 4}, "_wandb": {"runtime": 187}}