{"val_loss": 0.17064816132187843, "_timestamp": 1708547427.565469, "_runtime": 65.24450898170471, "_step": 9, "test_loss": 0.5009322142338052, "test_accuracy": 88.22429906542057, "confusion_matrix_table": {"_type": "table-file", "sha256": "d1b24c6008af91afbfd2e5600c5206457c8eaf385b275c65c21910d835a24b60", "size": 134, "artifact_path": "wandb-client-artifact://vb1z2r4h341258af6w6bmf6pmf13h6vurpix7re6amezixt4ekl11iux4koo0gjyd9y3tigcdmebyushibc4fd9av1wylmmi2kmtsfmkxh6fd9s2kcv1j8fi56q8mk99:latest/confusion_matrix_table.table.json", "_latest_artifact_path": "wandb-client-artifact://vb1z2r4h341258af6w6bmf6pmf13h6vurpix7re6amezixt4ekl11iux4koo0gjyd9y3tigcdmebyushibc4fd9av1wylmmi2kmtsfmkxh6fd9s2kcv1j8fi56q8mk99:latest/confusion_matrix_table.table.json", "path": "media/table/confusion_matrix_table_9_d1b24c6008af91afbfd2.table.json", "ncols": 3, "nrows": 4}, "_wandb": {"runtime": 66}}