{"val_loss": 0.1408142843283713, "_timestamp": 1708547502.383928, "_runtime": 63.03301811218262, "_step": 9, "test_loss": 0.31721460731590495, "test_accuracy": 91.77570093457945, "confusion_matrix_table": {"_type": "table-file", "sha256": "1886679cd623a6a5fc737a439fb6d486b284d92a7bfec6cf79660091338a56c2", "size": 134, "artifact_path": "wandb-client-artifact://9ws13t5s8ipu5t2afmupv4mjv9znasi5y83scgnd7448bpof3je8d8my6ka66jzr1dr3izkfo13xyx4co5wvut2igyski2n1y717s6pi9b2dk39sa8z0jcax5cjr6pa0:latest/confusion_matrix_table.table.json", "_latest_artifact_path": "wandb-client-artifact://9ws13t5s8ipu5t2afmupv4mjv9znasi5y83scgnd7448bpof3je8d8my6ka66jzr1dr3izkfo13xyx4co5wvut2igyski2n1y717s6pi9b2dk39sa8z0jcax5cjr6pa0:latest/confusion_matrix_table.table.json", "path": "media/table/confusion_matrix_table_9_1886679cd623a6a5fc73.table.json", "ncols": 3, "nrows": 4}, "_wandb": {"runtime": 62}}