{"val_loss": 0.0009928288636729121, "val_precision": 1.0, "val_recall": 1.0, "val_f1": 1.0, "val_balanced_acc": 1.0, "_timestamp": 1709212320.930337, "_runtime": 64.54607796669006, "_step": 13, "test_loss": 1.6349510848522186, "test_accuracy": 56.086956521739125, "test_precision": 0.08888888888888889, "test_recall": 0.2962962962962963, "test_f1": 0.13675213675213674, "test_balanced_acc": 0.44617770479839447, "confusion_matrix_table": {"_type": "table-file", "sha256": "35f149ebd5cd41a4eace6a44a65f857f3a30e36b7381942c87b94f1630d1c263", "size": 134, "artifact_path": "wandb-client-artifact://ele9cx2tjhyxkrraw2n1ano7zxu1eldcjmulb7s1ekqzh79c9pm16hklgh210g790p5rashjq1u8i2fcv8kwufy1o3yp6qhrnrwj213pyd152kabh72bkeci6cf3etpg:latest/confusion_matrix_table.table.json", "_latest_artifact_path": "wandb-client-artifact://ele9cx2tjhyxkrraw2n1ano7zxu1eldcjmulb7s1ekqzh79c9pm16hklgh210g790p5rashjq1u8i2fcv8kwufy1o3yp6qhrnrwj213pyd152kabh72bkeci6cf3etpg:latest/confusion_matrix_table.table.json", "path": "media/table/confusion_matrix_table_13_35f149ebd5cd41a4eace.table.json", "ncols": 3, "nrows": 4}, "_wandb": {"runtime": 67}}