{"val_loss": 0.206027552485466, "val_precision": 0.8214285714285714, "val_recall": 0.92, "val_f1": 0.8679245283018867, "_timestamp": 1708608724.700327, "_runtime": 112.38858795166016, "_step": 12, "test_loss": 0.5306677139467664, "test_accuracy": 90.28037383177569, "test_precision": 0.8518518518518519, "test_recall": 0.323943661971831, "test_f1": 0.46938775510204084, "confusion_matrix_table": {"_type": "table-file", "sha256": "900a1432d0c8f9890de6fcca48eda3b5a8249a3709b8f52d027eae9aa092cfa2", "size": 134, "artifact_path": "wandb-client-artifact://p6efusy4so7jvmejtjbz0ty5isqrpdjw60if8wowdh9gtdpfrq49o6fxyhrwlnx2sy1f5khjq4z2snvc67zw2w0pf9qj0upi0hve5qjirnaz2ny66vmkcd6i2zlq00k2:latest/confusion_matrix_table.table.json", "_latest_artifact_path": "wandb-client-artifact://p6efusy4so7jvmejtjbz0ty5isqrpdjw60if8wowdh9gtdpfrq49o6fxyhrwlnx2sy1f5khjq4z2snvc67zw2w0pf9qj0upi0hve5qjirnaz2ny66vmkcd6i2zlq00k2:latest/confusion_matrix_table.table.json", "path": "media/table/confusion_matrix_table_12_900a1432d0c8f9890de6.table.json", "ncols": 3, "nrows": 4}, "_wandb": {"runtime": 111}}