{"precision_val": 0.6875, "_timestamp": 1708607354.731555, "_runtime": 197.04729509353638, "_step": 52, "recall_val": 0.88, "f1_score_val": 0.7719298245614036, "val_loss": 0.4698586165904999, "precision_test": 0.22727272727272727, "recall_test": 0.07042253521126761, "f1_score_test": 0.10752688172043011, "test_loss": 0.7939595613214705, "test_accuracy": 84.48598130841121, "confusion_matrix_table": {"_type": "table-file", "sha256": "6c5750f42c4a58dbc3967f5052fda46a3d141d4f6789e3d8826233bcf9d81a42", "size": 134, "artifact_path": "wandb-client-artifact://e2tzy11jlgcqpxe8nw9zje39colljyc9ncvjr3w5mzft975xaxfm95612fbqifx90v0tno9dmitlm4w4l957yqego8s5hrfgoyf17bisq0pmwyvszfhd2jm2id1ehnix:latest/confusion_matrix_table.table.json", "_latest_artifact_path": "wandb-client-artifact://e2tzy11jlgcqpxe8nw9zje39colljyc9ncvjr3w5mzft975xaxfm95612fbqifx90v0tno9dmitlm4w4l957yqego8s5hrfgoyf17bisq0pmwyvszfhd2jm2id1ehnix:latest/confusion_matrix_table.table.json", "path": "media/table/confusion_matrix_table_52_6c5750f42c4a58dbc396.table.json", "ncols": 3, "nrows": 4}, "_wandb": {"runtime": 196}}