{"val_loss": 0.17059005051851273, "val_precision": 1.0, "val_recall": 0.72, "val_f1": 0.8372093023255813, "_timestamp": 1708609188.915931, "_runtime": 218.16543006896973, "_step": 12, "test_loss": 0.34778298603163826, "test_accuracy": 88.22429906542057, "test_precision": 1.0, "test_recall": 0.11267605633802817, "test_f1": 0.20253164556962025, "confusion_matrix_table": {"_type": "table-file", "sha256": "ea0b13df85e334db4c1e5871430d546f72cc4786a23bb154186f38051be6a7a1", "size": 133, "artifact_path": "wandb-client-artifact://3wc8ja7qvgphqpao4kzmsjjg3pywcl7x9p1hxme8jwzs0g5n3lu6wq5yfofngbmz99q5np903w8cwpqy5gabhx1gbz1hgv19obp2vmqb3z6ik0kwbe8nuukrov1tvxr6:latest/confusion_matrix_table.table.json", "_latest_artifact_path": "wandb-client-artifact://3wc8ja7qvgphqpao4kzmsjjg3pywcl7x9p1hxme8jwzs0g5n3lu6wq5yfofngbmz99q5np903w8cwpqy5gabhx1gbz1hgv19obp2vmqb3z6ik0kwbe8nuukrov1tvxr6:latest/confusion_matrix_table.table.json", "path": "media/table/confusion_matrix_table_12_ea0b13df85e334db4c1e.table.json", "ncols": 3, "nrows": 4}, "_wandb": {"runtime": 217}}