{"val_loss": 0.18251308798789978, "_timestamp": 1708431917.238215, "_runtime": 59.74394392967224, "_step": 7, "test_loss": 0.3188835202771075, "test_accuracy": 89.90654205607477, "_wandb": {"runtime": 63}}