{"Train Loss": 0.07560638204449788, "Train Accuracy": 96.94501018329939, "Val Loss": 0.2560973013751209, "Val Accuracy": 93.4959349593496, "_timestamp": 1708359779.336362, "_runtime": 48.05432486534119, "_step": 5, "Test Loss": 0.3473392661441775, "Test Accuracy": 90.65420560747664, "confusion_matrix_table": {"_type": "table-file", "sha256": "d2a3c47eeeecf9bca28aa4d7c2b277481b13495c1af4604dc75279f171d0b93c", "size": 134, "artifact_path": "wandb-client-artifact://2oiy86r1e87k02qam93vv99k26qvay37016umqc3nw06kgxaz7i0tu94bqxzvdfi3scckjzimgte6ca8marw8mdcfto9ohhj086nxh6qi3h2j61mhuj0o66ma69xvuvl:latest/confusion_matrix_table.table.json", "_latest_artifact_path": "wandb-client-artifact://2oiy86r1e87k02qam93vv99k26qvay37016umqc3nw06kgxaz7i0tu94bqxzvdfi3scckjzimgte6ca8marw8mdcfto9ohhj086nxh6qi3h2j61mhuj0o66ma69xvuvl:latest/confusion_matrix_table.table.json", "path": "media/table/confusion_matrix_table_5_d2a3c47eeeecf9bca28a.table.json", "ncols": 3, "nrows": 4}, "_wandb": {"runtime": 47}}