{"val_loss": 0.23519714921712875, "_timestamp": 1708433064.994934, "_runtime": 63.2586030960083, "_step": 8, "test_loss": 0.5011734259040916, "test_accuracy": 89.53271028037383, "_wandb": {"runtime": 65}}