{"val_loss": 0.3223202973604202, "val_precision": 0.6857142857142857, "val_recall": 0.96, "val_f1": 0.7999999999999999, "_timestamp": 1708608272.0626109, "_runtime": 335.63567996025085, "_step": 12, "test_loss": 0.53872326347563, "test_accuracy": 79.43925233644859, "test_precision": 0.3177570093457944, "test_recall": 0.4788732394366197, "test_f1": 0.38202247191011235, "confusion_matrix_table": {"_type": "table-file", "sha256": "b38bfce0d667cc44e20ca5a983b48215da5f20cf1d43dcf82e1d671eec0e603e", "size": 135, "artifact_path": "wandb-client-artifact://trtj6r0hsgcg2kh3b2nq6r8yqc2b49kvo8kovchcwsf65um9454iwmg81lu2201xbmr7hv7s05es9jkkn55a64quxmfkiy8od02whuvgga3ra9vdmm0r1mym3xn9h4kk:latest/confusion_matrix_table.table.json", "_latest_artifact_path": "wandb-client-artifact://trtj6r0hsgcg2kh3b2nq6r8yqc2b49kvo8kovchcwsf65um9454iwmg81lu2201xbmr7hv7s05es9jkkn55a64quxmfkiy8od02whuvgga3ra9vdmm0r1mym3xn9h4kk:latest/confusion_matrix_table.table.json", "path": "media/table/confusion_matrix_table_12_b38bfce0d667cc44e20c.table.json", "ncols": 3, "nrows": 4}, "_wandb": {"runtime": 334}}