{"val_loss": 0.15142634324729443, "val_precision": 1.0, "val_recall": 0.8148148148148148, "val_f1": 0.8979591836734693, "val_balanced_acc": 0.9074074074074074, "train_loss": 0.012073641642928123, "train_precision": 1.0, "train_recall": 1.0, "train_f1": 1.0, "train_balanced_acc": 1.0, "_timestamp": 1710511293.597566, "_runtime": 176.47388792037964, "_step": 3, "_wandb": {"runtime": 190}}