{"precision_val": 0.9411764705882353, "_timestamp": 1708607144.01277, "_runtime": 189.1835880279541, "_step": 52, "recall_val": 0.64, "f1_score_val": 0.7619047619047621, "val_loss": 0.32092541456222534, "precision_test": 0.8888888888888888, "recall_test": 0.3380281690140845, "f1_score_test": 0.48979591836734687, "test_loss": 0.5250825443201594, "test_accuracy": 90.65420560747664, "confusion_matrix_table": {"_type": "table-file", "sha256": "19bc4ef5148f1d0ce4d93a8623baea577f0d8ec8398a5326c9469bc838d6a92d", "size": 134, "artifact_path": "wandb-client-artifact://062mgaja1zzewtq7tool3n9y84nlu1q74sxvlbsot192eov8hzowefohk72pmgj4rskq81x3b4if5q6gn1964fr0qs8x1lvpicg8g0oltndhip3218ze889esod9emtf:latest/confusion_matrix_table.table.json", "_latest_artifact_path": "wandb-client-artifact://062mgaja1zzewtq7tool3n9y84nlu1q74sxvlbsot192eov8hzowefohk72pmgj4rskq81x3b4if5q6gn1964fr0qs8x1lvpicg8g0oltndhip3218ze889esod9emtf:latest/confusion_matrix_table.table.json", "path": "media/table/confusion_matrix_table_52_19bc4ef5148f1d0ce4d9.table.json", "ncols": 3, "nrows": 4}, "_wandb": {"runtime": 192}}