{"val_loss": 0.12102748081088066, "_timestamp": 1708433768.196238, "_runtime": 71.06695008277893, "_step": 8, "test_loss": 0.27660885287655723, "test_accuracy": 91.02803738317758, "_wandb": {"runtime": 70}}