{"val_loss": 0.13405888341367245, "_timestamp": 1708431983.5228832, "_runtime": 54.88061022758484, "_step": 7, "test_loss": 0.41033731400966644, "test_accuracy": 88.22429906542057, "_wandb": {"runtime": 54}}