{"Train Loss": 0.551865031676633, "Train Accuracy": 85.51401869158879, "Val Loss": 0.7635786235332489, "Val Accuracy": 75.70093457943925, "_timestamp": 1708352765.550377, "_runtime": 55.09201693534851, "_step": 0}