{"val_loss": 0.28010645136237144, "_timestamp": 1708433141.204329, "_runtime": 65.93362212181091, "_step": 8, "test_loss": 0.6727685665383059, "test_accuracy": 86.35514018691589, "_wandb": {"runtime": 63}}