{"precision_val": 0.8846153846153846, "_timestamp": 1708604882.774946, "_runtime": 109.24854898452759, "_step": 36, "recall_val": 0.92, "f1_score_val": 0.9019607843137256, "val_loss": 0.14336645603179932, "precision_test": 0.8461538461538461, "recall_test": 0.30985915492957744, "f1_score_test": 0.45360824742268047, "test_loss": 0.415383449031247, "test_accuracy": 90.09345794392523, "confusion_matrix_table": {"_type": "table-file", "sha256": "a5d15cca001f3f386c86dee85ca7ce0ffc8b43b7126f905089c609be63fa03cb", "size": 134, "artifact_path": "wandb-client-artifact://w40v2f94264opua6xvs8mhzixssk8rkosxxu6aznu5ixxrep57btoehuvi3yz53zups4h5nqmrd7nok14iwyf6za6d6f8fuuenl7c8xcimia7e8m6jtanznuuvukpny5:latest/confusion_matrix_table.table.json", "_latest_artifact_path": "wandb-client-artifact://w40v2f94264opua6xvs8mhzixssk8rkosxxu6aznu5ixxrep57btoehuvi3yz53zups4h5nqmrd7nok14iwyf6za6d6f8fuuenl7c8xcimia7e8m6jtanznuuvukpny5:latest/confusion_matrix_table.table.json", "path": "media/table/confusion_matrix_table_36_a5d15cca001f3f386c86.table.json", "ncols": 3, "nrows": 4}, "_wandb": {"runtime": 113}}