{"Train Loss": 0.5891842292621732, "Train Accuracy": 77.39307535641548, "Val Loss": 0.4170532077550888, "Val Accuracy": 83.73983739837398, "_timestamp": 1708354900.702764, "_runtime": 82.83510398864746, "_step": 2, "Test Loss": 0.5697871332659441, "Test Accuracy": 86.72897196261682, "confusion_matrix_table": {"_type": "table-file", "sha256": "6a46ae23aceaed8690929a073b6e398d4abad9ce733725baff37a6cc509477ec", "size": 133, "artifact_path": "wandb-client-artifact://303maib9heruipkhm1w11lph7hqzdrq0oo9xp82es2rkhvmq8l8wiujw8kjzxnocewcwx1h2ajdzp8zpgnl33yqcks62ttnc36d9rqs6lwjk2vy8kbjepl6y7jcp0fc8:latest/confusion_matrix_table.table.json", "_latest_artifact_path": "wandb-client-artifact://303maib9heruipkhm1w11lph7hqzdrq0oo9xp82es2rkhvmq8l8wiujw8kjzxnocewcwx1h2ajdzp8zpgnl33yqcks62ttnc36d9rqs6lwjk2vy8kbjepl6y7jcp0fc8:latest/confusion_matrix_table.table.json", "path": "media/table/confusion_matrix_table_2_6a46ae23aceaed869092.table.json", "ncols": 3, "nrows": 4}, "_wandb": {"runtime": 82}}