{"val_loss": 0.2154507339000702, "val_precision": 0.8888888888888888, "val_recall": 0.64, "val_f1": 0.7441860465116279, "_timestamp": 1708608492.5105941, "_runtime": 84.7792580127716, "_step": 12, "test_loss": 0.5132960875829061, "test_accuracy": 89.53271028037383, "test_precision": 0.8260869565217391, "test_recall": 0.2676056338028169, "test_f1": 0.40425531914893614, "confusion_matrix_table": {"_type": "table-file", "sha256": "50d639b751e23d36f97fe29771b451fe61f5dc32203468542745d89d45d8c4e2", "size": 134, "artifact_path": "wandb-client-artifact://78lslgu1l3m5uwxbejaxfxydhs45yk9qen26f2kyu5z3yptar3kzhhsxg45dk2a0z8ia0c0pvb80r2g8myq6q41gaym23pcuu0pnqnegfhufy0xzh4tletyrq6g72yrx:latest/confusion_matrix_table.table.json", "_latest_artifact_path": "wandb-client-artifact://78lslgu1l3m5uwxbejaxfxydhs45yk9qen26f2kyu5z3yptar3kzhhsxg45dk2a0z8ia0c0pvb80r2g8myq6q41gaym23pcuu0pnqnegfhufy0xzh4tletyrq6g72yrx:latest/confusion_matrix_table.table.json", "path": "media/table/confusion_matrix_table_12_50d639b751e23d36f97f.table.json", "ncols": 3, "nrows": 4}, "_wandb": {"runtime": 84}}