{"val_loss": 9.385252475738525, "val_precision": 1.0, "val_recall": 0.18518518518518517, "val_f1": 0.3125, "val_balanced_acc": 0.5925925925925926, "train_loss": 0.006224115379154682, "train_precision": 0.9910714285714286, "train_recall": 1.0, "train_f1": 0.9955156950672646, "train_balanced_acc": 0.9974358974358974, "_timestamp": 1710511857.425527, "_runtime": 31.079922199249268, "_step": 2, "_wandb": {"runtime": 34}}