{"val_loss": 0.0011593982053454965, "val_precision": 1.0, "val_recall": 1.0, "val_f1": 1.0, "val_balanced_acc": 1.0, "_timestamp": 1709212486.7190568, "_runtime": 68.94361877441406, "_step": 13, "test_loss": 3.0849069356918335, "test_accuracy": 56.95652173913044, "test_precision": 0.038461538461538464, "test_recall": 0.1111111111111111, "test_f1": 0.05714285714285715, "test_balanced_acc": 0.37082649151614666, "confusion_matrix_table": {"_type": "table-file", "sha256": "c102ea4fa599527cac6602f5c2dfbc7063ed04f4cc17cb08e7c65e8b523bdbce", "size": 134, "artifact_path": "wandb-client-artifact://5ecez5kdjava90r6oxjlp85ycob5kpau1vrfxa5ots73wx9w2nixk3sb8jbpjmm8zfegqmaxyx02v9kt37w84b4yspdgjhrx97ordjve18bdmrl1lgaaiddc2knw1mxx:latest/confusion_matrix_table.table.json", "_latest_artifact_path": "wandb-client-artifact://5ecez5kdjava90r6oxjlp85ycob5kpau1vrfxa5ots73wx9w2nixk3sb8jbpjmm8zfegqmaxyx02v9kt37w84b4yspdgjhrx97ordjve18bdmrl1lgaaiddc2knw1mxx:latest/confusion_matrix_table.table.json", "path": "media/table/confusion_matrix_table_13_c102ea4fa599527cac66.table.json", "ncols": 3, "nrows": 4}, "_wandb": {"runtime": 68}}