{"val_loss": 0.40423260629177094, "val_precision": 0.95, "val_recall": 0.7037037037037037, "val_f1": 0.8085106382978724, "val_balanced_acc": 0.8418518518518519, "train_loss": 0.3180699944496155, "train_precision": 0.8476190476190476, "train_recall": 0.8018018018018018, "train_f1": 0.8240740740740742, "train_balanced_acc": 0.8598752598752599, "_timestamp": 1710686404.104081, "_runtime": 33.053650856018066, "_step": 5}