{"precision_val": 0.43859649122807015, "_timestamp": 1708606895.8580601, "_runtime": 96.43354415893555, "_step": 23, "recall_val": 1.0, "f1_score_val": 0.6097560975609756, "val_loss": 0.6099748611450195}