{"val_loss": 0.0019449426254141144, "val_precision": 1.0, "val_recall": 1.0, "val_f1": 1.0, "val_balanced_acc": 1.0, "_timestamp": 1709212718.6154938, "_runtime": 217.29846477508545, "_step": 13, "test_loss": 0.7377268075942993, "test_accuracy": 83.04347826086956, "test_precision": 0.16666666666666666, "test_recall": 0.1111111111111111, "test_f1": 0.13333333333333333, "test_balanced_acc": 0.5186097427476738, "confusion_matrix_table": {"_type": "table-file", "sha256": "a2ff9039ac556405704895730d60eea9070c7c0664685ec7aaa46f0bd60d44d8", "size": 134, "artifact_path": "wandb-client-artifact://ys15v9369auqcy2w2upimmutmv3orqjbixprt2iyvu2vg04dnyxbzg5oat5b25qm0zdhd2kfs83347m6fupwd34wt41rugh5679ungjyt9dcb3qp8i4a21iet8zn8tye:latest/confusion_matrix_table.table.json", "_latest_artifact_path": "wandb-client-artifact://ys15v9369auqcy2w2upimmutmv3orqjbixprt2iyvu2vg04dnyxbzg5oat5b25qm0zdhd2kfs83347m6fupwd34wt41rugh5679ungjyt9dcb3qp8i4a21iet8zn8tye:latest/confusion_matrix_table.table.json", "path": "media/table/confusion_matrix_table_13_a2ff9039ac5564057048.table.json", "ncols": 3, "nrows": 4}, "_wandb": {"runtime": 216}}