{"val_loss": 1.2346380949020386, "val_precision": 0.8, "val_recall": 0.14814814814814814, "val_f1": 0.25, "val_balanced_acc": 0.5640740740740741, "train_loss": 1.3999745845794678, "train_precision": 0.5327102803738317, "train_recall": 0.5135135135135135, "train_f1": 0.5229357798165137, "train_balanced_acc": 0.6285516285516286, "_timestamp": 1710706712.529668, "_runtime": 13.564127206802368, "_step": 1}