{"val_loss": 0.18442180752754211, "val_precision": 0.9130434782608695, "val_recall": 0.84, "val_f1": 0.8749999999999999, "_timestamp": 1708607925.542562, "_runtime": 145.70518589019775, "_step": 12, "test_loss": 0.44167378213670516, "test_accuracy": 90.8411214953271, "test_precision": 0.9230769230769231, "test_recall": 0.3380281690140845, "test_f1": 0.49484536082474223, "confusion_matrix_table": {"_type": "table-file", "sha256": "542a72e46aa7028f25812619f4fa8342ed408479dd780619c2117ceeee51b1ff", "size": 134, "artifact_path": "wandb-client-artifact://pegecr3s9ujf8mn6j2zhcu3us4tvb1h72f75cclv210uf46dlu4xxzvyywezyxiy4e666u4uabidfxro4fglmsjl5slu0pr4gc0icwe4m06132ljt6cw1o2dxvesyvxr:latest/confusion_matrix_table.table.json", "_latest_artifact_path": "wandb-client-artifact://pegecr3s9ujf8mn6j2zhcu3us4tvb1h72f75cclv210uf46dlu4xxzvyywezyxiy4e666u4uabidfxro4fglmsjl5slu0pr4gc0icwe4m06132ljt6cw1o2dxvesyvxr:latest/confusion_matrix_table.table.json", "path": "media/table/confusion_matrix_table_12_542a72e46aa7028f2581.table.json", "ncols": 3, "nrows": 4}, "_wandb": {"runtime": 147}}