{"val_loss": 0.3668907582759857, "val_precision": 1.0, "val_recall": 0.4444444444444444, "val_f1": 0.6153846153846153, "val_balanced_acc": 0.7222222222222222, "train_loss": 0.17287752032279968, "train_precision": 0.9545454545454546, "train_recall": 0.9459459459459459, "train_f1": 0.9502262443438914, "train_balanced_acc": 0.9601524601524601, "_timestamp": 1710510207.15634, "_runtime": 68.81218099594116, "_step": 1, "_wandb": {"runtime": 71}}