{"val_loss": 0.155804842710495, "_timestamp": 1708433613.503708, "_runtime": 68.3595027923584, "_step": 8, "test_loss": 0.4135132845905092, "test_accuracy": 87.28971962616822, "_wandb": {"runtime": 67}}