{"val_loss": 0.40743082761764526, "_timestamp": 1708433942.90306, "_runtime": 79.38741397857666, "_step": 8, "test_loss": 0.42472145292494035, "test_accuracy": 84.85981308411215, "_wandb": {"runtime": 78}}