{"val_loss": 0.061131807044148445, "val_precision": 1.0, "val_recall": 0.9259259259259259, "val_f1": 0.9615384615384615, "val_balanced_acc": 0.962962962962963, "train_loss": 0.03144155070185661, "train_precision": 1.0, "train_recall": 0.990990990990991, "train_f1": 0.9954751131221719, "train_balanced_acc": 0.9954954954954955, "_timestamp": 1710685084.4903722, "_runtime": 53.578519105911255, "_step": 10, "_wandb": {"runtime": 54}}