{"Train Loss": 0.43638899070875986, "Train Accuracy": 87.38317757009347, "Val Loss": 4.095278382301331, "Val Accuracy": 15.887850467289718, "_timestamp": 1708354159.808865, "_runtime": 84.48206114768982, "_step": 2, "Test Loss": 4.273082592908074, "Test Accuracy": 13.271028037383179, "confusion_matrix_table": {"_type": "table-file", "sha256": "cd3e67d19a3dd8629bedfecc77797a5d563c2709d8274e6f26dd4a169d77d897", "size": 133, "artifact_path": "wandb-client-artifact://mgupme3ekyoo4s88zh2ixhu3j9s5vus6uocel42kzoj6ylhsk91bmwqchdt9ynqohcistklnmpchs9kp73m5ytmlbs2atg5gs3td1u3bj60xenr23qksshuo491gv58f:latest/confusion_matrix_table.table.json", "_latest_artifact_path": "wandb-client-artifact://mgupme3ekyoo4s88zh2ixhu3j9s5vus6uocel42kzoj6ylhsk91bmwqchdt9ynqohcistklnmpchs9kp73m5ytmlbs2atg5gs3td1u3bj60xenr23qksshuo491gv58f:latest/confusion_matrix_table.table.json", "path": "media/table/confusion_matrix_table_2_cd3e67d19a3dd8629bed.table.json", "ncols": 3, "nrows": 4}, "_wandb": {"runtime": 83}}