{"val_loss": 84.09137725830078, "val_precision": 0.2032520325203252, "val_recall": 1.0, "val_f1": 0.3378378378378379, "_timestamp": 1708608953.9726, "_runtime": 97.1163649559021, "_step": 12, "test_loss": 94.79258388943143, "test_accuracy": 13.271028037383179, "test_precision": 0.13271028037383178, "test_recall": 1.0, "test_f1": 0.23432343234323433, "confusion_matrix_table": {"_type": "table-file", "sha256": "cd3e67d19a3dd8629bedfecc77797a5d563c2709d8274e6f26dd4a169d77d897", "size": 133, "artifact_path": "wandb-client-artifact://amjo5z6th8ug3l1toa7xa9o726xzmpzkv0tn5bwklcv2so4adu40teftil1rdotzmqw7ke1jlgjppdz0l2j1eik8gbfxydl4yoiy4bjav747yiogide4rqsuue6qvaln:latest/confusion_matrix_table.table.json", "_latest_artifact_path": "wandb-client-artifact://amjo5z6th8ug3l1toa7xa9o726xzmpzkv0tn5bwklcv2so4adu40teftil1rdotzmqw7ke1jlgjppdz0l2j1eik8gbfxydl4yoiy4bjav747yiogide4rqsuue6qvaln:latest/confusion_matrix_table.table.json", "path": "media/table/confusion_matrix_table_12_cd3e67d19a3dd8629bed.table.json", "ncols": 3, "nrows": 4}, "_wandb": {"runtime": 96}}