{"Train Loss": 0.12159261724445969, "Train Accuracy": 96.33401221995926, "Val Loss": 0.17290955781936646, "Val Accuracy": 93.4959349593496, "_timestamp": 1708359625.255668, "_runtime": 170.97948002815247, "_step": 5, "Test Loss": 0.531689992722343, "Test Accuracy": 86.35514018691589, "confusion_matrix_table": {"_type": "table-file", "sha256": "675d448e68d975d4a4e095ea51d98a2ed5f90193a595e2d26a1fecbf1023a4be", "size": 135, "artifact_path": "wandb-client-artifact://iz5f4o7ajzpcr47pioslrm115hchfpx6tt3nceq1r62frqgwgz0c79is08kevo554nh5h7vcn9zvxma1wmd2q2xcbpajw8fdyn51oky9s1ku331aqbrwe9kec2nekzsv:latest/confusion_matrix_table.table.json", "_latest_artifact_path": "wandb-client-artifact://iz5f4o7ajzpcr47pioslrm115hchfpx6tt3nceq1r62frqgwgz0c79is08kevo554nh5h7vcn9zvxma1wmd2q2xcbpajw8fdyn51oky9s1ku331aqbrwe9kec2nekzsv:latest/confusion_matrix_table.table.json", "path": "media/table/confusion_matrix_table_5_675d448e68d975d4a4e0.table.json", "ncols": 3, "nrows": 4}, "_wandb": {"runtime": 170}}