{"val_loss": 0.0004992570902686566, "val_precision": 1.0, "val_recall": 1.0, "val_f1": 1.0, "val_balanced_acc": 1.0, "_timestamp": 1709212926.862357, "_runtime": 70.05919480323792, "_step": 13, "test_loss": 1.5330323278903961, "test_accuracy": 69.1304347826087, "test_precision": 0.06, "test_recall": 0.1111111111111111, "test_f1": 0.07792207792207792, "test_balanced_acc": 0.439792008757526, "confusion_matrix_table": {"_type": "table-file", "sha256": "9034089ea21c157e8a3b7586bec45008f0a32d729ff5e56332085ced2e12a2eb", "size": 134, "artifact_path": "wandb-client-artifact://9otvtp19potgbhqht1g893ak9q7t6utk6kr25z8x0bqfqdixsygr2v8g8p7y51jj643oeilfhh6lh752csujmwi3tck9yptyvbb9w9pfuy6wvjazwzfnbvew8klv5k48:latest/confusion_matrix_table.table.json", "_latest_artifact_path": "wandb-client-artifact://9otvtp19potgbhqht1g893ak9q7t6utk6kr25z8x0bqfqdixsygr2v8g8p7y51jj643oeilfhh6lh752csujmwi3tck9yptyvbb9w9pfuy6wvjazwzfnbvew8klv5k48:latest/confusion_matrix_table.table.json", "path": "media/table/confusion_matrix_table_13_9034089ea21c157e8a3b.table.json", "ncols": 3, "nrows": 4}, "_wandb": {"runtime": 69}}