{"val_loss": 0.000538616041012574, "val_precision": 1.0, "val_recall": 1.0, "val_f1": 1.0, "val_balanced_acc": 1.0, "_timestamp": 1709212844.9161139, "_runtime": 79.19002175331116, "_step": 13, "test_loss": 3.9874700903892517, "test_accuracy": 46.52173913043478, "test_precision": 0.06363636363636363, "test_recall": 0.25925925925925924, "test_f1": 0.10218978102189778, "test_balanced_acc": 0.37593504834884145, "confusion_matrix_table": {"_type": "table-file", "sha256": "5ebf056554b48465450c7fedabcd7b1b19b3f1bc3e43653d911c3918443b04f3", "size": 135, "artifact_path": "wandb-client-artifact://kw9wcmzhb6ruop4iu4r10iueyfl6h7s5d2yplrbunnjs7nbc70y9idk3rnzbqp1r0m174yww1qxzzbpfy57vyl8mi3bwz4d3372o8ytumqluzqywkwj91j0lhglssp3p:latest/confusion_matrix_table.table.json", "_latest_artifact_path": "wandb-client-artifact://kw9wcmzhb6ruop4iu4r10iueyfl6h7s5d2yplrbunnjs7nbc70y9idk3rnzbqp1r0m174yww1qxzzbpfy57vyl8mi3bwz4d3372o8ytumqluzqywkwj91j0lhglssp3p:latest/confusion_matrix_table.table.json", "path": "media/table/confusion_matrix_table_13_5ebf056554b48465450c.table.json", "ncols": 3, "nrows": 4}, "_wandb": {"runtime": 78}}