{"val_loss": 0.00022863137564854696, "val_precision": 1.0, "val_recall": 1.0, "val_f1": 1.0, "val_balanced_acc": 1.0, "_timestamp": 1709212401.490067, "_runtime": 67.4302110671997, "_step": 13, "test_loss": 1.598082274198532, "test_accuracy": 66.52173913043478, "test_precision": 0.06896551724137931, "test_recall": 0.14814814814814814, "test_f1": 0.09411764705882353, "test_balanced_acc": 0.4410691479656997, "confusion_matrix_table": {"_type": "table-file", "sha256": "b2f1777c89ebf43fb9535ab32a5c0c7b5bde35fa587d115341258d2aaa1ae977", "size": 134, "artifact_path": "wandb-client-artifact://lataqgadgs31yswxrdqz7ebj63qbaraqeqqkcbuhupuxkcycwo8389k8z0u6bovfp6bfu1bu97dq0z1ognc8keg64mpw8mt009r90l1asyk1swotndapm9ojs3k9ksla:latest/confusion_matrix_table.table.json", "_latest_artifact_path": "wandb-client-artifact://lataqgadgs31yswxrdqz7ebj63qbaraqeqqkcbuhupuxkcycwo8389k8z0u6bovfp6bfu1bu97dq0z1ognc8keg64mpw8mt009r90l1asyk1swotndapm9ojs3k9ksla:latest/confusion_matrix_table.table.json", "path": "media/table/confusion_matrix_table_13_b2f1777c89ebf43fb953.table.json", "ncols": 3, "nrows": 4}, "_wandb": {"runtime": 66}}