{"val_loss": 0.1191168671939522, "_timestamp": 1708432049.992477, "_runtime": 53.20530104637146, "_step": 7, "test_loss": 0.3856290456126718, "test_accuracy": 88.03738317757009, "_wandb": {"runtime": 52}}