{"Train Loss": 0.47903619054704905, "Train Accuracy": 79.83706720977597, "Val Loss": 1.0906097292900085, "Val Accuracy": 30.89430894308943, "_timestamp": 1708355243.630077, "_runtime": 87.51810193061829, "_step": 2, "Test Loss": 1.055868667714736, "Test Accuracy": 28.22429906542056, "confusion_matrix_table": {"_type": "table-file", "sha256": "3f7a3161974319dd39bb1be7765a98826576b3c5ea7d66409b1069098b11a484", "size": 135, "artifact_path": "wandb-client-artifact://p5as8emiuknj0hgfyv1twxb3fpd9t3mato3379s6yac96buq9dwdtjnpr159ao7wkmzh3e5bhgt37egkia4qw3jf0hqlxd8fe8oujv0twxvdg4pjrc2rslab4tuufx3i:latest/confusion_matrix_table.table.json", "_latest_artifact_path": "wandb-client-artifact://p5as8emiuknj0hgfyv1twxb3fpd9t3mato3379s6yac96buq9dwdtjnpr159ao7wkmzh3e5bhgt37egkia4qw3jf0hqlxd8fe8oujv0twxvdg4pjrc2rslab4tuufx3i:latest/confusion_matrix_table.table.json", "path": "media/table/confusion_matrix_table_2_3f7a3161974319dd39bb.table.json", "ncols": 3, "nrows": 4}, "_wandb": {"runtime": 82}}