{"Train Loss": 0.411714354796069, "Train Accuracy": 86.21495327102804, "Val Loss": 3.7697596549987793, "Val Accuracy": 15.887850467289718, "_timestamp": 1708352662.0879538, "_runtime": 35.35432171821594, "_step": 0}