{"val_loss": 0.461470402777195, "_timestamp": 1708432257.895693, "_runtime": 61.89841604232788, "_step": 7, "test_loss": 0.3977622328435673, "test_accuracy": 86.72897196261682, "_wandb": {"runtime": 61}}