{"val_loss": 0.22788967564702034, "_timestamp": 1708433686.511677, "_runtime": 63.548206090927124, "_step": 8, "test_loss": 0.625967413187027, "test_accuracy": 88.03738317757009, "_wandb": {"runtime": 62}}