{"val_loss": 0.22737202048301697, "_timestamp": 1708547661.310446, "_runtime": 66.82419991493225, "_step": 9, "test_loss": 0.9968730707963308, "test_accuracy": 87.85046728971963, "confusion_matrix_table": {"_type": "table-file", "sha256": "0109e74f0da6a73746edd638f36026a221903e2d927d39921f56e2e8bebfce87", "size": 133, "artifact_path": "wandb-client-artifact://oafpfbgmuucq81qr54xiv6g2kxitdgb5qm2rppyszspng3346w5muubv2j1rr7ad3bae841x55dw0hpxnqt4sbwhbn10h9su7fflfb0pcy6c7ab32ek6xfu5wyp59lhx:latest/confusion_matrix_table.table.json", "_latest_artifact_path": "wandb-client-artifact://oafpfbgmuucq81qr54xiv6g2kxitdgb5qm2rppyszspng3346w5muubv2j1rr7ad3bae841x55dw0hpxnqt4sbwhbn10h9su7fflfb0pcy6c7ab32ek6xfu5wyp59lhx:latest/confusion_matrix_table.table.json", "path": "media/table/confusion_matrix_table_9_0109e74f0da6a73746ed.table.json", "ncols": 3, "nrows": 4}, "_wandb": {"runtime": 65}}