{"val_loss": 0.14429717883467674, "_timestamp": 1708433375.906754, "_runtime": 74.10654807090759, "_step": 8, "test_loss": 0.3146660525132628, "test_accuracy": 88.59813084112149, "_wandb": {"runtime": 73}}