{"precision_val": 0.9047619047619048, "_timestamp": 1708607559.895301, "_runtime": 190.11386108398438, "_step": 52, "recall_val": 0.76, "f1_score_val": 0.8260869565217391, "val_loss": 0.15861745923757553, "precision_test": 1.0, "recall_test": 0.014084507042253521, "f1_score_test": 0.02777777777777778, "test_loss": 1.2875828279389276, "test_accuracy": 86.91588785046729, "confusion_matrix_table": {"_type": "table-file", "sha256": "00c03762f02fa42922504a711e2535fd2a5a5584e3526e244a1aef933052924d", "size": 133, "artifact_path": "wandb-client-artifact://55w17b0j9k9pl4ao21zbgdyluo9kdjb5in2x3f5rm3p67czxzmcou7yog0krpplfc1hdcxer4d2ejohnzog3r8aq77xigl0tlw8yy2ey1nb1jdpput2apmgswwnrgbx0:latest/confusion_matrix_table.table.json", "_latest_artifact_path": "wandb-client-artifact://55w17b0j9k9pl4ao21zbgdyluo9kdjb5in2x3f5rm3p67czxzmcou7yog0krpplfc1hdcxer4d2ejohnzog3r8aq77xigl0tlw8yy2ey1nb1jdpput2apmgswwnrgbx0:latest/confusion_matrix_table.table.json", "path": "media/table/confusion_matrix_table_52_00c03762f02fa4292250.table.json", "ncols": 3, "nrows": 4}, "_wandb": {"runtime": 189}}