{"val_loss": [1.2918629348278046, 0.36764705882352944, 1.0, 0.5376344086021506], "_timestamp": 1708607744.5909288, "_runtime": 171.72891688346863, "_step": 11, "_wandb": {"runtime": 176}}