{"val_loss": 0.6236843168735504, "val_precision": 0.39285714285714285, "val_recall": 0.8148148148148148, "val_f1": 0.5301204819277108, "val_balanced_acc": 0.5674074074074074, "train_loss": 0.4829081594944, "train_precision": 0.680327868852459, "train_recall": 0.7477477477477478, "train_f1": 0.7124463519313305, "train_balanced_acc": 0.773873873873874, "_timestamp": 1710510609.621342, "_runtime": 33.22901201248169, "_step": 0, "_wandb": {"runtime": 36}}