{"val_loss": 0.9804181456565857, "val_precision": 1.0, "val_recall": 0.16, "val_f1": 0.2758620689655173, "_timestamp": 1708608398.788363, "_runtime": 94.91312408447266, "_step": 12, "test_loss": 1.4620068007045322, "test_accuracy": 87.10280373831776, "test_precision": 1.0, "test_recall": 0.028169014084507043, "test_f1": 0.05479452054794521, "confusion_matrix_table": {"_type": "table-file", "sha256": "baf356ad8da3e9e618b04edd17a343338342c138f962ae040e0257bb04c83846", "size": 133, "artifact_path": "wandb-client-artifact://ut80927o94x6zc08s7c1odruklqqxjal0cv2741esmef6un0a9nbht02ll8rezdtilh7i391o70g76au9y6nkutjq626iqvcgegxyrm528t8lrf81vmq8nulzcc4y7el:latest/confusion_matrix_table.table.json", "_latest_artifact_path": "wandb-client-artifact://ut80927o94x6zc08s7c1odruklqqxjal0cv2741esmef6un0a9nbht02ll8rezdtilh7i391o70g76au9y6nkutjq626iqvcgegxyrm528t8lrf81vmq8nulzcc4y7el:latest/confusion_matrix_table.table.json", "path": "media/table/confusion_matrix_table_12_baf356ad8da3e9e618b0.table.json", "ncols": 3, "nrows": 4}, "_wandb": {"runtime": 94}}