{"Train Loss": 0.0003085945656948752, "Train Accuracy": 100.0, "Val Loss": 0.4074039792903932, "Val Accuracy": 92.6829268292683, "_timestamp": 1708358282.882025, "_runtime": 2236.9334740638733, "_step": 41, "Test Loss": 1.362015277147293, "Test Accuracy": 88.59813084112149, "confusion_matrix_table": {"_type": "table-file", "sha256": "568b4fad4ac1aa21a25ac8b625547e17a1579e92a8af9ea094092f9e97e41cd7", "size": 134, "artifact_path": "wandb-client-artifact://01jgx97bd6a2s1nx060cclck4slj6ee16yhx0xxp6dt96xq2kf7mq9gxt5qus4l094im3qzxncc64fv6uop1qhs87krwagrt0i284hsrttufzqhmgav53vhhhwrp7wvh:latest/confusion_matrix_table.table.json", "_latest_artifact_path": "wandb-client-artifact://01jgx97bd6a2s1nx060cclck4slj6ee16yhx0xxp6dt96xq2kf7mq9gxt5qus4l094im3qzxncc64fv6uop1qhs87krwagrt0i284hsrttufzqhmgav53vhhhwrp7wvh:latest/confusion_matrix_table.table.json", "path": "media/table/confusion_matrix_table_41_568b4fad4ac1aa21a25a.table.json", "ncols": 3, "nrows": 4}, "_wandb": {"runtime": 2236}}