{"Train Loss": 0.021211517359396175, "Train Accuracy": 98.83177570093457, "Val Loss": 0.7729092463850975, "Val Accuracy": 84.11214953271028, "_timestamp": 1708207118.344671, "_runtime": 423.7295649051666, "_step": 9, "_wandb": {"runtime": 423}}