{"val_loss": 11.328275203704834, "val_precision": 0.0, "val_recall": 0.0, "val_f1": 0.0, "val_balanced_acc": 0.5, "train_loss": 0.014784561470150948, "train_precision": 1.0, "train_recall": 0.990990990990991, "train_f1": 0.9954751131221719, "train_balanced_acc": 0.9954954954954955, "_timestamp": 1710511736.489631, "_runtime": 164.58235788345337, "_step": 2, "_wandb": {"runtime": 185}}