{"val_loss": 1.4722153544425964, "val_precision": 0.4032258064516129, "val_recall": 1.0, "val_f1": 0.5747126436781609, "_timestamp": 1708608602.046031, "_runtime": 98.33237290382385, "_step": 12, "test_loss": 0.987676117155287, "test_accuracy": 71.96261682242991, "test_precision": 0.2931937172774869, "test_recall": 0.7887323943661971, "test_f1": 0.42748091603053434, "confusion_matrix_table": {"_type": "table-file", "sha256": "c1eb91dd9cc155054bea7bf1cae71b416e4502957529c3ad18072271d60ad148", "size": 136, "artifact_path": "wandb-client-artifact://gcicy26czmnhaqj8f05b6ad4sskyuq9e9mhjxtqphq5ntbsyoj1ft8inrhb4inukvpj3w0eb6prlhl3fh26kyb38p2z3e27vt9lggdg4iwmstguyjrvsh11qdysr0s65:latest/confusion_matrix_table.table.json", "_latest_artifact_path": "wandb-client-artifact://gcicy26czmnhaqj8f05b6ad4sskyuq9e9mhjxtqphq5ntbsyoj1ft8inrhb4inukvpj3w0eb6prlhl3fh26kyb38p2z3e27vt9lggdg4iwmstguyjrvsh11qdysr0s65:latest/confusion_matrix_table.table.json", "path": "media/table/confusion_matrix_table_12_c1eb91dd9cc155054bea.table.json", "ncols": 3, "nrows": 4}, "_wandb": {"runtime": 97}}