{"val_loss": 0.43699583411216736, "val_precision": 1.0, "val_recall": 0.08, "val_f1": 0.14814814814814814, "_timestamp": 1708608842.193994, "_runtime": 106.41006898880005, "_step": 12, "test_loss": 0.664135624965032, "test_accuracy": 86.72897196261682, "test_precision": 0.0, "test_recall": 0.0, "test_f1": 0.0, "confusion_matrix_table": {"_type": "table-file", "sha256": "6a46ae23aceaed8690929a073b6e398d4abad9ce733725baff37a6cc509477ec", "size": 133, "artifact_path": "wandb-client-artifact://xz7bmzs2hmpy03bjfn20ucn93evz43lkcbin7is75p36zjy45o0umftj9rmlp4gfyognl3ndybwnlu47zwv03p7q0zjikakaa28lzj8r0s029ptusfdi7mr604fbzyu1:latest/confusion_matrix_table.table.json", "_latest_artifact_path": "wandb-client-artifact://xz7bmzs2hmpy03bjfn20ucn93evz43lkcbin7is75p36zjy45o0umftj9rmlp4gfyognl3ndybwnlu47zwv03p7q0zjikakaa28lzj8r0s029ptusfdi7mr604fbzyu1:latest/confusion_matrix_table.table.json", "path": "media/table/confusion_matrix_table_12_6a46ae23aceaed869092.table.json", "ncols": 3, "nrows": 4}, "_wandb": {"runtime": 105}}