{"val_loss": 0.3035849332809448, "val_precision": 0.6470588235294118, "val_recall": 0.88, "val_f1": 0.7457627118644068, "_timestamp": 1708609370.342182, "_runtime": 167.57602286338806, "_step": 12, "test_loss": 0.47331442435582477, "test_accuracy": 85.98130841121495, "test_precision": 0.0, "test_recall": 0.0, "test_f1": 0.0, "confusion_matrix_table": {"_type": "table-file", "sha256": "069480f88cd950a922973962a763ebd86369288f32031ce2a0cc595dfa40a9e2", "size": 133, "artifact_path": "wandb-client-artifact://7yot2fapupofd7xc2f3r9g58qox67q2cgahvcs6zwd1x6sqxgs2u8s3jljds3c9y430eckxnhzreqkz2e5j3c84m0n19240arlbwk5d21slri3ll7m6yaake1o953elh:latest/confusion_matrix_table.table.json", "_latest_artifact_path": "wandb-client-artifact://7yot2fapupofd7xc2f3r9g58qox67q2cgahvcs6zwd1x6sqxgs2u8s3jljds3c9y430eckxnhzreqkz2e5j3c84m0n19240arlbwk5d21slri3ll7m6yaake1o953elh:latest/confusion_matrix_table.table.json", "path": "media/table/confusion_matrix_table_12_069480f88cd950a92297.table.json", "ncols": 3, "nrows": 4}, "_wandb": {"runtime": 166}}