{"val_loss": 0.14661051519215107, "_timestamp": 1708432185.072489, "_runtime": 56.762190103530884, "_step": 7, "test_loss": 0.36256183508564443, "test_accuracy": 89.34579439252337, "_wandb": {"runtime": 56}}