{"val_loss": 0.5947729349136353, "val_precision": 1.0, "val_recall": 0.25925925925925924, "val_f1": 0.4117647058823529, "val_balanced_acc": 0.6296296296296297, "train_loss": 0.04736381769180298, "train_precision": 1.0, "train_recall": 0.990990990990991, "train_f1": 0.9954751131221719, "train_balanced_acc": 0.9954954954954955, "_timestamp": 1710511503.593415, "_runtime": 106.8202760219574, "_step": 2, "_wandb": {"runtime": 112}}