{"val_loss": 0.8997033387422562, "_timestamp": 1708432115.948128, "_runtime": 55.47654604911804, "_step": 7, "test_loss": 0.6940252815975863, "test_accuracy": 87.28971962616822, "_wandb": {"runtime": 54}}