{"val_loss": 0.14593569934368134, "_timestamp": 1708433212.4261591, "_runtime": 60.35815215110779, "_step": 8, "test_loss": 0.2552061576177092, "test_accuracy": 89.7196261682243, "_wandb": {"runtime": 59}}