{"Train Loss": 0.04593210760504007, "Train Accuracy": 98.98167006109979, "Val Loss": 0.3045007809996605, "Val Accuracy": 94.3089430894309, "_timestamp": 1708355829.636344, "_runtime": 557.9403748512268, "_step": 11, "Test Loss": 0.7812790257089278, "Test Accuracy": 88.41121495327103, "confusion_matrix_table": {"_type": "table-file", "sha256": "a7dd4a17c7fa28ec8b9a551b902ad7ca31c02588d77dbaaeaca3466fbf59c253", "size": 133, "artifact_path": "wandb-client-artifact://mg50ujcz5i8yjgkqw3jwbg0q94ent89yiajjd66qjam8pxurmww2nv1grpxkv336dkhes8kvwcbr9ltynusogo7pu1n2826enrv148bxsraiuag0z86240l9rwpi4off:latest/confusion_matrix_table.table.json", "_latest_artifact_path": "wandb-client-artifact://mg50ujcz5i8yjgkqw3jwbg0q94ent89yiajjd66qjam8pxurmww2nv1grpxkv336dkhes8kvwcbr9ltynusogo7pu1n2826enrv148bxsraiuag0z86240l9rwpi4off:latest/confusion_matrix_table.table.json", "path": "media/table/confusion_matrix_table_11_a7dd4a17c7fa28ec8b9a.table.json", "ncols": 3, "nrows": 4}, "_wandb": {"runtime": 557}}